História dos Computadores e da Computação;ICHCC01;Histórico
História dos Computadores e da Computação;ICHCC02;Gerações de Computadores
História dos Computadores e da Computação;ICHCC03;Arquitetura de VonNeumann
História dos Computadores e da Computação;ICHCC04;Big Data
História dos Computadores e da Computação;ICHCC05;Computação em Núvem
História dos Computadores e da Computação;ICHCC06;Inteligência Artificial
Lógica e Sistemas Numéricos;ICL01;O que é Lógica
Lógica e Sistemas Numéricos;ICL02;Lógica Proposicional e Proposições
Lógica e Sistemas Numéricos;ICL03;Principais Operadores Lógicos e Tabela Verdade
Lógica e Sistemas Numéricos;ICSN01;Sistema Numérico e Representação Numérica
Lógica e Sistemas Numéricos;ICSN02;Principais Sistemas Numéricos
Lógica e Sistemas Numéricos;ICSN03;Conversões entre bases numéricas
Lógica e Sistemas Numéricos;ICSN04;Byte, Word e Unidades de Medidas de Armazenamento
Fundamentos de Algoritmos;ICFA01;O que é um algoritmo
Fundamentos de Algoritmos;ICFA02;Representação de Algoritmos
Fundamentos de Algoritmos;ICFA03;Paradigmas de Programação
Fundamentos de Banco de Dados e Engenharia de Software;ICES01;Introdução a Engenharia de Software
Fundamentos de Banco de Dados e Engenharia de Software;ICES02;Processos de Software
Fundamentos de Banco de Dados e Engenharia de Software;ICES03;Engenharia de Requisitos
Fundamentos de Banco de Dados e Engenharia de Software;ICFBD01;Introdução aos Banco de Dados
Fundamentos de Banco de Dados e Engenharia de Software;ICFBD02;Modelo Relacional
Fundamentos de Banco de Dados e Engenharia de Software;ICFBD03;SQL
Fundamentos de Sistemas Operacionais e Organização de Computadores;ICFSOOC01;O Sistema Operacional
Fundamentos de Sistemas Operacionais e Organização de Computadores;ICFSOOC02;Tipos de Sistemas Operacionais
Fundamentos de Sistemas Operacionais e Organização de Computadores;ICFSOOC03;Visão geral do computador
Redes de Computadores;ICRC01;Introdução às Redes de Computadores
Redes de Computadores;ICRC02;Tipos de redes de computadores
Redes de Computadores;ICRC03;Topologias
Redes de Computadores;ICRC04;Protocolos de Comunicação
Redes de Computadores;ICRC05;Modelos OSI e TCP-IP