0;BD - Aspectos Basicos;ICFBD01;ICFBD02
1;Conceitos Introdutórios de Bancos de Dados;ICFBD01
2;Conceitos Iniciais e Porque Estudar BD;ICFBD01
3;Fundamentos BD;ICFBD01
4;Introdução a Banco de Dados;ICFBD01
5;Visão geral sobre banco de dados e motivação;ICFBD01
6;Conceitos básicos de BD, SBD e SGBD;ICFBD01
7;Conceituando Banco de Dados e SGBD;ICFBD01
8;Conceitos de Banco de Dados;ICFBD01
9;Introdução e Fundamentos de BD;ICFBD01
10;Sistemas de Gerenciamento de Banco de Dados;ICFBD01
11;Dados, Banco de Dados e SGBD;ICFBD01
12;BD, Dados e SGBD;ICFBD01
13;Introdução a BD;ICFBD01
14;Modelo Relacional, SQL e MER;ICFBD02;ICFBD03
15;SQL - Wikilivro;ICFBD02;ICFBD03
16;Introdução ao Modelo Relacional;ICFBD02
17;Modelo Relacional - BD;ICFBD02
18;Banco de Dados Relacionais Estrutura;ICFBD02
19;Modelo Relacional (R) –  características, formalização e restrições;ICFBD02
20;Resumo Simplificado de Modelo Relacional;ICFBD02
21;Modelo Relacional - Conceitos;ICFBD02
22;Modelo Relacional, Chaves e Integridade;ICFBD02
23;Simplificando Modelo Relacional;ICFBD02
24;Modelo Relacional e mapeamento MER;ICFBD02
25;SQL - DDL e DML;ICFBD03
26;SQL - Guia Completo;ICFBD03
27;Linguagem SQL_ Comandos Básicos;ICFBD03
28;Tutorial SQL;ICFBD03
29;ApostilaSQL;ICFBD03
30;Introdução ao SQL;ICFBD03
31;SQL básico;ICFBD03
32;SQL conceitos iniciais;ICFBD03
33;SQL introduction;ICFBD03
34;Apostila Engenharia de Software e Modelagem;ICES01;ICES02;ICES03
35;Engenharia de Software;ICES01;ICES02;ICES03
36;Apostila Básica -Engenharia de Software;ICES01;ICES02;ICES03
37;Noções de Engenharia de Software;ICES01;ICES02;ICES03
38;Introdução aos Processos de Software;ICES01;ICES02
39;Introducao Engenharia de Software;ICES01;ICES02
40;Introducao a Engenharia de Software;ICES01;ICES02
41;Introdução e Processos de Sotftware - ES;ICES01;ICES02
42;Intro - Engenharia de Software;ICES01
43;Engenharia de Software - Início;ICES01
44;Definição de Engenharia de Software;ICES01
45;O processo de desenvolvimento de software;ICES02
46;O processo de Software;ICES02
47;Processo De Software  e Padrões;ICES02
48;Processo de Desenvolvimento de Software;ICES02
49;Análise de Requisitos o Básico;ICES03
50;Análise e Especificação de Requisitos - Avançado;ICES03
51;Engenharia de Requisitos;ICES03
52;Especificações de Requisitos - Fundamentos;ICES03
53;Introdução Básica Engenharia de Requisitos;ICES03
54;Nota Aula Engenharia Requisitos - Avançado;ICES03
55;Análise de Sistemas - Engenharia de Requisitos;ICES03
56;Engenharia de Requisitos Visão Geral;ICES03
57;Engenharia de Requisitos;ICES03