0;Aula de Redes;ICRC01;ICRC02;ICRC03;ICRC04;ICRC05
1;Breve resumo sobre redes de computadores;ICRC01;ICRC02;ICRC03;ICRC04;ICRC05
2;Breve resumo sobre redes de computadores;ICRC01;ICRC02;ICRC03;ICRC04;ICRC05
3;Introducao à Redes de Computadores;ICRC01;ICRC02;ICRC03;ICRC04
4;Redes;ICRC01;ICRC02;ICRC03
5;Introducao as Redes de Computadores;ICRC01;ICRC02;ICRC03
6;Conceitos, topologias e abrangência de redes;ICRC01;ICRC02;ICRC03
7;Conceitos, tipos e topologias de redes;ICRC01;ICRC02;ICRC03
8;Redes Básicas;ICRC01;ICRC02;ICRC03
9;Conceitos de Redes e tipos;ICRC01;ICRC02
10;O que é rede;ICRC01
11;O que é uma rede de computadores;ICRC01
12;O que são redes de computadores;ICRC01
13;Classificação dos tipos de redes e topologias;ICRC02;ICRC03
14;Tipos de redes;ICRC02
15;Tipos de Redes de Computadores;ICRC02
16;Tipos de Redes de Computadores - resumo;ICRC02
17;Classificação das redes considerando o espaço geográfico;ICRC02
18;Classificação das redes quanto a abrangência;ICRC02
19;Topologias de Redes - Informática;ICRC03
20;Breve resumo sobre topologias de redes;ICRC03
21;Topologias de Redes de Computadores - RESUMO;ICRC03
22;Topologia nas redes de computadores;ICRC03
23;As Principais Topologias de Redes;ICRC03
24;Topologias de redes - físicas e lógicas;ICRC03
25;Resumo do Modelo OSI, TCP_IP e Protocolos;ICRC04;ICRC05
26;Modelo OSI; protocolos e TCP_IP;ICRC04;ICRC05
27;Modelos referência, OSI e TCP_IP+protocolos;ICRC04;ICRC05
28;Modelo OSI, TCP-IP e protocolos;ICRC04;ICRC05
29;Protocolos, OSI e TCP_IP;ICRCO4;ICRC05
30;Alguns protocolos;ICRC04
31;Resumo Protocolos;ICRC04
32;Principais Protocolos;ICRC04
33;Protocolos;ICRC04
34;Redes-Modelos de Refefência;ICRC05
35;Estrutura de camadas, OSI e TCP_IP;ICRC05
36;Redes de Computadores OSI e TCP_IP;ICRC05
37;Grande Resumo sobre Modelo OSI e TCP_IP;ICRC05