0;Hardware, Software e Sistemas Operacionais;ICFSOOC01;ICFSOOC02;ICFSOOC03
1;Resumo de SO e Tipos;ICFSOOC01;ICFSOOC02
2;Noções de Sistema Operacional;ICFSOOC01;ICFSOOC02
3;SO Introdução;ICFSOOC01;ICFSOOC02
4;Introducao aos Sistemas Operacionais;ICFSOOC01;ICFSOOC02
5;Apostila Sistema Operacional e Gerenciamento de Recursos;ICFSOOC01;ICFSOOC02
6;Sistema Operacional + Gerência de Recursos;ICFSOOC01;ICFSOOC02
7;Gerenciamento de Recursos e Sistemas do Sistema Operacional;ICFSOOC01;ICFSOO02
8;SO, conceitos e tipos;ICFSOOC01;ICFSOOC02
9;Tipos de Sistemas operacionais;ICFSOOC01;ICFSOOC02
10;Definição de Sistema Operacional;ICFSOOC01
11;Funções do SO e Gerência de Recursos;ICFSOOC01
12;Noções de SO;ICFSOOC01
13;Sistema Operacional e Gerência de Recursos;ICFSOOC01
14;O Sistema Operacinal e suas funções;ICFSOOC01
15;Conceitos de SO;ICFSOOC01
16;O Sistema Operacional;ICFSOOC01
17;Tipos de SO;ICFSOOC02
18;Classificação de SO;ICFSOOC02
19;SO-Tipos de Sistemas Operacionais;ICFSOOC02
20;Hardware;ICFSOOC03
21;Introdução a  Arquitetura de Computadores;ICFSOOC03
22;Revisao Organizacao e Arquitetura de Computadores;ICFSOOC03
23;Apostila técnico - Organização de Computadores;ICFSOOC03
24;Componentes de um computador;ICFSOOC03
25;Partes que compõem o computador;ICFSOOC03
26;Componentes e Arquitetura;ICFSOOC03
27;Organização do computador;ICFSOOC03
28;Introdução a Arquitetura e Organização de Computadores;ICFSOOC03
29;Organização dos componentes do PC;ICFSOOC03
30;Arquitetura de Computadores;ICFSOOC03